name,picurl
Barkhad Abdi,Barkhad_Abdi_at_LFCC_Awards.jpg
Amy Adams,Amy_Adams_UK_Nocturnal_Animals_Premiere_(cropped).jpg
Casey Affleck,Casey_Affleck_at_the_Manchester_by_the_Sea_premiere_(30199719155)_(cropped).jpg
Shohreh Aghdashloo,Shohreh_Aghdashloo_by_Gage_Skidmore.jpg
Brian Aherne,Brian_Aherne_in_I_Confess_trailer.jpg
Riz Ahmed,Riz_Ahmed_at_the_Rogue_One_-_A_Star_Wars_Story_-_World_Premeire_Red_Carpet_-_DSC_0437_(31547570706)_(cropped).jpg
Danny Aiello,Danny_Aiello.jpg
Anouk Aimée,Anouk_Aim%C3%A9e_Cannes.jpg
Eddie Albert,Eddie_Albert_Robert_Wagner_Switch_1975_(cropped).JPG
Jack Albertson,Jack_Albertson_1971.JPG
Alan Alda,Alan_Alda_2015.jpg
Norma Aleandro,Norma_Aleandro.jpg
Jane Alexander,JaneAlexanderMarch08.jpg
Mahershala Ali,Mahershala_Ali_by_Gage_Skidmore_(cropped).jpg
Joan Allen,JoanAllen2000TIFF.jpg
Woody Allen,Woody_Allen_Cannes_2016.jpg
Sara Allgood,Sara_Allgood_-_Project_Gutenberg_eText_19028.jpg
Don Ameche,Don_Ameche_1964.JPG
Judith Anderson,Judith_Anderson_1934-09-11.jpg
Julie Andrews,"Julie_Andrews_Park_Hyatt,_Sydney,_Australia_2013.jpg"
Ann-Margret,Ann_Margret_1968.jpg
Yalitza Aparicio,Yalitza_Aparicio_Oscars_2019.jpg
Anne Archer,"Anne_Archer,_1989-03-cropped.jpg"
Eve Arden,Eve_Arden_5_Allan_Warren.jpg
Alan Arkin,AlanArkinTIFFSept2012_(cropped).jpg
George Arliss,George_Arliss_cph.3b31151.jpg
Patricia Arquette,Patricia_Arquette_2015.jpg
Jean Arthur,Jean_Arthur_-_signed.jpg
Peggy Ashcroft,Peggy-Ashcroft-1936-3.jpg
Fred Astaire,"Astaire,_Fred_-_Never_Get_Rich.jpg"
Mary Astor,Mary_Astor-1930s.JPG
Mischa Auer,Mischa_Auer_1940s.jpg
Dan Aykroyd,Dan_Aykroyd_cropped.jpg
Lew Ayres,Lew_Ayres-publicity.JPG
Lauren Bacall,Lauren_Bacall_1945_press_photo.jpg
Hermione Baddeley,Hermione_Baddley_2_Allan_Warren.jpg
Mary Badham,Mary_Badham_Speaks_to_Birmingham_Southern.jpg
Fay Bainter,Fay_Bainter_circa_1950s.jpg
Maria Bakalova,Maria_bakalova_2021_1.jpg
Carroll Baker,Carroll_Baker_headshot_for_Station_Six-Sahara_1962.png
Alec Baldwin,Alec_Baldwin_by_Gage_Skidmore.jpg
Christian Bale,Christian_Bale-7837.jpg
Martin Balsam,Martin_Balsam_Film_Still.jpg
Anne Bancroft,Anne_Bancroft_1952.jpg
George Bancroft,George_Bancroft_United_States_Secretary_of_Navy_c._1860.jpg
Antonio Banderas,Antonio_Banderas_2019_(cropped).jpg
Ian Bannen,Ian_Bannen_1966.jpg
Javier Bardem,Premios_Goya_2018_-_Javier_Bardem_(cropped_2).jpg
Sacha Baron Cohen,"Sacha_Baron_Cohen,_2011.jpg"
Marie-Christine Barrault,Marie-Christine_Barrault_July_2013.jpg
Adriana Barraza,Adriana_Barraza_adj.jpg
Barbara Barrie,Barney_Miller_1975.JPG
Ethel Barrymore,Studio_publicity_Ethel_Barrymore.jpg
Lionel Barrymore,Lionel_Barrymore_2.jpg
Richard Barthelmess,Richard_Barthelmess_-_publicity.JPG
Mikhail Baryshnikov,Mikhail_Baryshnikov.jpg
Kim Basinger,Kim_Basinger_(1990).jpg
Albert Bassermann,Foreign_Correspondent_trailer_20_Basserman.jpg
Angela Bassett,Angela_Bassett_by_Gage_Skidmoe.jpg
Alan Bates,Alan_Bates.jpg
Kathy Bates,Kathy_Bates_by_Gage_Skidmore.jpg
Anne Baxter,Anne_Baxter_publicity_photo.JPG
Warner Baxter,Warner_Baxter_promo.jpg
Ned Beatty,Ned_Beatty_cropped.jpg
Warren Beatty,"Warren_Beatty_Photoplay,_1961.jpg"
Ed Begley,Ed_Begley_1958.jpg
Bérénice Bejo,B%C3%A9r%C3%A9nice_Bejo_Cannes_2016.jpg
Barbara Bel Geddes,1952_Barbara_Bel_Geddes.JPG
Ralph Bellamy,RBellamy34.jpg
William Bendix,William_Bendix_1960.JPG
Roberto Benigni,Roberto_Benigni-5274.jpg
Annette Bening,AnnetteBeningSept2013TIFF.jpg
Tom Berenger,Tom_Berenger_2019.jpg
Candice Bergen,Candice_Bergen_(8250487588).jpg
Ingrid Bergman,"Ingrid_Bergman,_Gaslight_1944.jpg"
Elisabeth Bergner,Elisabeth_Bergner.jpg
Halle Berry,Halle_Berry_by_Gage_Skidmore_2.jpg
Demián Bichir,Demi%C3%A1n_Bichir_by_Gage_Skidmore.jpg
Charles Bickford,Charles_Bickford_1950s.JPG
Theodore Bikel,Theodore_Bikel_(4133239868_24c25ac837_z)_(cropped).jpg
Juliette Binoche,MJK_330427_Juliette_Binoche_(Berlinale_2019)_(cropped).jpg
Karen Black,Karen_Black_(1968).jpg
Betsy Blair,Betsy_Blair_(Amiens_nov_2007)_5c.jpg
Linda Blair,Linda_Blair_2018_cropped.jpeg
Ronee Blakley,Ronee_Blakely_1976.JPG
Cate Blanchett,Cate_Blanchett_Cannes_2018_2_(cropped).jpg
Brenda Blethyn,Brenda_Blethyn_at_the_2014_Berlin_Film_Festival.jpg
Mary J. Blige,Mary_J._Blige_April_2020.png
Joan Blondell,JOANBlondell.jpg
Ann Blyth,Ann_Blyth_MGM_1954.jpg
Humphrey Bogart,Humphrey_Bogart_1940.jpg
Beulah Bondi,Beulah_Bondi_Wagon_Train_1961.JPG
Helena Bonham Carter,Helena_Bonham_Carter_2011_AA.jpg
Shirley Booth,Shirley_Booth_1950.JPG
Ernest Borgnine,Ernest_Borgnine_McHale_McHale%27s_Navy_1962.JPG
Chadwick Boseman,Chadwick_Boseman_by_Gage_Skidmore_July_2017_(cropped).jpg
Charles Boyer,"Charles_Boyer_-_Photoplay,_January_1942.jpg"
Lorraine Bracco,Lorraine_Bracco.jpg
Alice Brady,Alice_Brady_by_Albert_Witzel.jpg
Kenneth Branagh,KennethBranaghApr2011.jpg
Klaus Maria Brandauer,Klaus_Maria_Brandauer_Viennale_2012_a.jpg
Marlon Brando,Marlon_Brando_publicity_for_One-Eyed_Jacks.png
Eileen Brennan,Eileen_Brennan_1963.png
Walter Brennan,Walter_brennan_real_mccoys_1958.JPG
Abigail Breslin,Abigail_Breslin_by_Gage_Skidmore.jpg
Jeff Bridges,Jeff_Bridges_by_Gage_Skidmore_3.jpg
Jim Broadbent,Jim_Broadbent_2012.jpg
Adrien Brody,Adrien_Brody_Cannes_2014.jpg
Josh Brolin,Josh_Brolin_SDCC_2014.jpg
Albert Brooks,Albert_Brooks_at_%27Drive%27_premiere_TIFF_9.10.11.jpg
Yul Brynner,Publicity_press_photo_of_Yul_Brynner_in_1960_(cropped).jpg
Geneviève Bujold,Genevi%C3%A8ve_Bujold_-_1969.jpg
Sandra Bullock,Sandra_Bullock_in_July_2013.jpg
Victor Buono,Victor_Buono_1969.png
Billie Burke,Studio_publicity_Billie_Burke.JPG
Catherine Burns,Catherine_Burns_1974.JPG
George Burns,George_Burns_1961.JPG
Ellen Burstyn,Ellen_Burstyn_at_the_2009_Tribeca_Film_Festival.jpg
Richard Burton,Richard_Burton_-_The_Robe.jpg
Gary Busey,CUN2008_Oscar_party_Gary_Busey.jpg
Red Buttons,Red_Buttons_-_1959.jpg
Spring Byington,Studio_publicity_Spring_Byington.jpg
James Caan,James_Caan_(1976).jpg
Adolph Caesar,AdolphCaesar.jpg
Nicolas Cage,Nicolas_Cage_Deauville_2013.jpg
James Cagney,"James_cagney_promo_photo_(cropped,_centered).jpg"
Michael Caine,"Sir_Michael_Caine,_28th_EFA_Awards_2015,_Berlin_(cropped).jpg"
Louis Calhern,Louis_Calhern_in_Woman_Wanted_trailer.jpg
Dyan Cannon,Dyan_Cannon_1950s-cropped.jpg
Steve Carell,Steve_Carell_November_2014.jpg
Art Carney,Art_Carney_-_1959.jpg
Leslie Caron,Leslie_Caron_lunettes.jpg
Diahann Carroll,Diahann_Carroll_1976.JPG
Nancy Carroll,Nancy_Carroll_-_Willow_Green.jpg
Peggy Cass,Peggy_Cass_1973.JPG
John Cassavetes,John_Cassavetes_Johnny_Staccato_1959.jpg
Seymour Cassel,Seymour_Cassel2.jpg
Richard S. Castellano,The_Super_cast_1972_(cropped).JPG
Keisha Castle-Hughes,Keisha_Castle-Hughes_at_TIFF_2009_(headshot).jpg
George Chakiris,George_Chakiris_2019.jpg
Timothée Chalamet,Timoth%C3%A9e_Chalamet_2017_Berlinale.jpg
Jeff Chandler,Jeff_Chandler_-_1958.jpg
Carol Channing,Carol_Channing_colour_Allan_Warren.jpg
Stockard Channing,Stockard_Channing_1984_crop.JPG
Charlie Chaplin,Charlie_Chaplin_portrait.jpg
Jessica Chastain,SDCC_2015_-_Jessica_Chastain_(19111308673)_(cropped).jpg
Ruth Chatterton,Chatterton_NM330.jpg
Don Cheadle,Don_Cheadle_in_2019_at_the_public_party.jpg
Michael Chekhov,Michael_Chekhov_1910%D1%85.jpg
Cher,Cher_in_2019_cropped.jpg
Maurice Chevalier,Maurice_Chevalier-publicity.jpg
Julie Christie,Julie_Christie_-_1966.jpg
Thomas Haden Church,Thomas_Haden_Church_at_the_2009_Tribeca_Film_Festival.jpg
Diane Cilento,"Diane_Cilento,_1954.jpg"
Candy Clark,Candy_Clark_in_Handle_with_Care.jpg
Patricia Clarkson,Patricia_Clarkson_Press_Conference_The_Party_Berlinale_2017_01_(cropped_2).jpg
Jill Clayburgh,Jill_Clayburgh.JPG
Montgomery Clift,MontgomeryClift.jpg
George Clooney,George_Clooney_2016.jpg
Glenn Close,Glenn_Close_-_Guardians_of_the_Galaxy_premiere_-_July_2014_(cropped).jpg
Lee J. Cobb,Lee_J._Cobb_1960s.JPG
Charles Coburn,"Charles_Coburn,_actor,_USA,_at_Kastrup_Airport_CPH,_Copenhagen.jpg"
James Coburn,James_Coburn_The_Californians_1959.JPG
James Coco,James_Coco_1973.JPG
Claudette Colbert,Claudette_colbert.jpg
Toni Collette,Toni_Collette_by_Gage_Skidmore.jpg
Patricia Collinge,Patricia_Collinge_1941.JPG
Pauline Collins,Pauline_Collins_in_November_2012.jpg
Olivia Colman,Olivia_Colman_at_Moet_BIFA_2014_(cropped).jpg
Ronald Colman,Ronald_Colman_-_publicity.jpg
Betty Compson,Betty_Compson_-_1930.jpg
Jennifer Connelly,Jennifer_Connelly_2012.jpg
Sean Connery,Sean_Connery_(1983).jpg
Tom Conti,Tom_Conti_Romantic_Comedy_Dec_2007.jpg
Bradley Cooper,Glasto17-44_(35547413626)_Cropped.jpg
Chris Cooper,Chris_Cooper_at_the_2009_Tribeca_Film_Festival.jpg
Gary Cooper,Gary_Cooper_(1952).jpg
Gladys Cooper,Gladys-Cooper_Ggbain.jpg
Jackie Cooper,Jackie_Cooper_1956.JPG
Ellen Corby,Edgar_Bergen_Ellen_Corby_The_Homecoming_Waltons_1974_(cropped).JPG
Valentina Cortese,Valentina_Cortese1941.png
Kevin Costner,Kevin_Costner_2016.jpg
Marion Cotillard,Marion_Cotillard_at_2019_Cannes.jpg
Tom Courtenay,Tom_Courtenay_Berlin_2015.jpg
Jeanne Crain,"Jeanne_Crain_by_Phil_Stern,_1954.jpg"
Bryan Cranston,Bryan_Cranston_at_the_2018_Berlin_Film_Festival_(2).jpg
Broderick Crawford,Broderick_Crawford_1970.JPG
Joan Crawford,JCrawford39.jpg
Donald Crisp,The_Sea_Hawk_(1940)_trailer_4.jpg
James Cromwell,James_Cromwell_2010.jpg
Hume Cronyn,Hume_Cronyn_in_The_Postman_Always_Rings_Twice_trailer.jpg
Rupert Crosse,Bill_Cosby_Rupert_Crosse_Beah_Richards_Bill_Cosby_Show_1970.JPG
Russell Crowe,Russell_Crowe_(33994020424).jpg
Tom Cruise,Tom_Cruise_by_Gage_Skidmore_2.jpg
Penélope Cruz,Premios_Goya_2018_-_Pen%C3%A9lope_Cruz.jpg
Benedict Cumberbatch,BCumberbatch_Comic-Con_2019.jpg
Quinn Cummings,QC_Green_Sweater.jpg
Tony Curtis,Tony_Curtis_1958.jpg
Joan Cusack,Joan_Cusack_(h).jpg
Willem Dafoe,Willem_Dafoe_Cannes_2019.jpg
Dan Dailey,Dan_Dailey_in_Washington_Melodrama_trailer.jpg
John Dall,John_Dall.jpg
Matt Damon,Matt_Damon_TIFF_2015.jpg
Dorothy Dandridge,Dorothy_Dandridge_Cain%27s_Hundred_1962.jpg
Bobby Darin,Bobby_Darin_1959.JPG
Jane Darwell,Jane_Darwell_1945.JPG
Bette Davis,BETTEDavis_(cropped).jpg
Geena Davis,Geena_Davis_2013_(cropped).jpg
Judy Davis,Judy_Davis_-_Eye_of_The_Storm.jpg
Viola Davis,Viola_Davis_by_Gage_Skidmore.jpg
Bruce Davison,Bruce_Davison_52nd_Annual_Publicists_Awards_-_Feb_2015_(cropped).jpg
Andra Day,Andra_Day_photo_WMG_(cropped).jpg
Doris Day,Doris_Day_-_1957.JPG
Daniel Day-Lewis,"Daniel_Day-Lewis,_Jaguar,_Mille_Miglia_2013_cropped.jpg"
Olivia de Havilland,Olivia_DeHavilland-2.JPG
Robert De Niro,Robert_De_Niro_Cannes_2016.jpg
Vittorio De Sica,"S_Kragujevic,_Vittorio_De_Sica,_1959.JPG"
Marina de Tavira,Marina_de_Tavira_1_(cropped).jpg
James Dean,James_Dean_in_Rebel_Without_a_Cause.jpg
Ruby Dee,Ruby_Dee_-_1972.jpg
Benicio del Toro,Benicio_Del_Toro_-_Guardians_of_the_Galaxy_premiere_-_July_2014_(cropped).jpg
William Demarest,Palm_Beach_Story-Bill_Demarest.JPG
Judi Dench,Judi_Dench_at_the_BAFTAs_2007_(cropped).jpg
Catherine Deneuve,Catherine_Deneuve_Berlinale_2017.jpg
Sandy Dennis,Sandy_Dennis.jpg
Gérard Depardieu,G%C3%A9rard_Depardieu_(Berlin_Film_Festival_2010).jpg
Johnny Depp,Johnny_Depp-2757_(cropped).jpg
Bruce Dern,Bruce_Dern_by_Gage_Skidmore.jpg
Laura Dern,Laura_Dern_Deauville_2017.jpg
Brandon deWilde,Brandon_deWilde_early_1950s.JPG
Leonardo DiCaprio,Leonardo_Dicaprio_Cannes_2019.jpg
Marlene Dietrich,Marlene_Dietrich_02.jpg
Matt Dillon,Matt_Dillon_2010.jpg
Melinda Dillon,"Melinda_Dillon,_1976.jpg"
Richard Dix,Film_actor_Richard_Dix_(SAYRE_23518).jpg
Robert Donat,GoodbyeMrChipsTrailer1.jpg
Brian Donlevy,Brian_Donlevy_1955.jpg
Kirk Douglas,Studio_publicity_Kirk_Douglas.jpg
Melvyn Douglas,Douglas-portrait.jpg
Michael Douglas,Michael_Douglas_C%C3%A9sar_2016_3.jpg
Brad Dourif,Brad_Dourif_2002.jpg
Robert Downey Jr.,Robert_Downey_Jr_2014_Comic_Con_(cropped).jpg
Louise Dresser,Louise_Dresser_in_The_Eagle_(1925).jpg
Marie Dressler,Marie_Dressler_-_1930.jpg
Richard Dreyfuss,Richard_Dreyfuss_(46291399092).jpg
Adam Driver,Star_Wars-_The_Last_Jedi_Japan_Premiere_Red_Carpet-_Adam_Driver_(27163437599)_(cropped).jpg
Minnie Driver,Minnie_Driver_2010.jpg
Jean Dujardin,Christophe_Lambert_et_Jean_Dujardin_(Cropped).jpg
Olympia Dukakis,Olympia_Dukakis_2019.jpg
Patty Duke,Patty_Duke_1975.JPG
Faye Dunaway,Fay_Dunaway_1997.jpg
Michael Clarke Duncan,MClarkeDuncan021109-R106_(50094589037).jpg
Irene Dunne,Studio_photograph_of_Irene_Dunne.jpg
Mildred Dunnock,"Mildred_Dunnock,_1956.jpg"
Charles Durning,CharlesDurningMay2008.jpg
Robert Duvall,Robert_Duvall_2_by_David_Shankbone_(cropped).jpg
Jeanne Eagels,Jeanne_Eagels_1923.jpg
Clint Eastwood,Clint_Eastwood_at_2010_New_York_Film_Festival.jpg
Samantha Eggar,Samantha_Eggar.jpg
Jesse Eisenberg,Jesse_Eisenberg_by_Gage_Skidmore.jpg
Chiwetel Ejiofor,Chiwetel_Ejiofor_by_Gage_Skidmore.jpg
Denholm Elliott,Actor_Denholm_Elliott.jpg
Sam Elliott,TIFF_2018_Samuel_Elliott_(44592132581)_(cropped).jpg
Hope Emerson,Studio_publicity_Hope_Emerson.jpg
Cynthia Erivo,Cynthia_Erivo_2018.png
Stuart Erwin,Stuart_Erwin.jpg
Edith Evans,Dame_Edith_Evans_4_Allan_Warren.jpg
Peter Falk,Columbo_Peter_Falk_1973.JPG
Vera Farmiga,Vera_Farmiga_(43676389342).jpg
Richard Farnsworth,Straightstory.jpg
Michael Fassbender,Michael_Fassbender_by_Gage_Skidmore_2015.jpg
José Ferrer,Jose_Ferrer_-_1952.jpg
Sally Field,Sally_Field_(11205)_(cropped).jpg
Ralph Fiennes,Ralph_Fiennes_from_%22The_White_Crow%22_at_Opening_Ceremony_of_the_Tokyo_International_Film_Festival_2018_(31747095048).jpg
Peter Finch,Peter_Finch_2.jpg
Frank Finlay,Frank_Finlay.jpg
Colin Firth,Colin_Firth_(36124162705)_(cropped).jpg
Peter Firth,Firth.jpg
Laurence Fishburne,National_Memorial_Day_Concert_2017_(34117818524)_(cropped).jpg
Barry Fitzgerald,Barry_Fitzgerald_1945.jpg
Geraldine Fitzgerald,Geraldine_Fitzgerald_1956.jpg
Louise Fletcher,Louise_Fletcher_2014.jpg
Nina Foch,Nina_Foch_1945_Escape_in_the_Fog.jpg
Henry Fonda,Henry_Fonda_in_Warlock.jpg
Jane Fonda,Jane_Fonda_Cannes_2015.jpg
Peter Fonda,Peter_Fonda_2009.jpg
Joan Fontaine,Joan_Fontaine_in_1943.jpg
Lynn Fontanne,Lynn_Fontanne_portrait2.jpg
Harrison Ford,PA-43286804.jpg
Frederic Forrest,Frederic_Forrest_1993.jpg
Robert Forster,Robert_Forster_2009.jpg
Jodie Foster,Jodie_Foster_C%C3%A9sars_2011_2_(cropped).jpg
Jamie Foxx,Jamie_Foxx_by_Gage_Skidmore.jpg
Anthony Franciosa,Tony_Franciosa_-_1969.jpg
James Franco,"James_Franco_4,_2013.jpg"
Morgan Freeman,Morgan_Freeman_Deauville_2018.jpg
Brenda Fricker,Brenda_Fricker_(2106633526)_(cropped).jpg
Clark Gable,Clark_Gable_-_publicity.JPG
Lady Gaga,210120-D-WD757-1720_(50861332387)_(cropped).jpg
Greta Garbo,Garbo_in_Inspiration.jpg
Andy García,Andy_Garcia_at_the_2009_Deauville_American_Film_Festival-01A.jpg
Vincent Gardenia,Vincent_Gardenia_at_1988_Academy_Awards.JPG
Ava Gardner,Ava_Gardner_Show_Boat_1951.jpg
Andrew Garfield,Andrew_Garfield_by_Gage_Skidmore_(cropped).jpg
John Garfield,John_Garfield_-_1942.jpg
William Gargan,William_Gargan_circa_1950s.JPG
Judy Garland,JUDYGarland.jpg
James Garner,James_Garner_Bret_Maverick.JPG
Teri Garr,Teri_Garr_in_1978.jpg
Greer Garson,Greer_Garson-publicity.JPG
Janet Gaynor,Janet-Gaynor_1931.jpg
Leo Genn,Leo_Genn_in_The_Miniver_Story.JPG
Chief Dan George,ChiefDan_George.jpg
Gladys George,Gladys_George_2.jpg
Paul Giamatti,Paul_Giamatti_2010_TIFF.jpg
Giancarlo Giannini,Giancarlo_Giannini.jpg
Jack Gilford,Jack_Gilford.jpg
Lillian Gish,Lillian_Gish-edit1.jpg
Jackie Gleason,Publicity_photo_young_gleason.jpg
James Gleason,James_Gleason_in_Meet_John_Doe_trailer.jpg
Paulette Goddard,Paulette_Goddard_1947.jpg
Whoopi Goldberg,Whoopi_Goldberg_(2011).jpg
Thomas Gomez,Thomas_Gomez.jpg
Ruth Gordon,Ruth-Gordon-1930.jpg
Ryan Gosling,Ryan_Gosling_in_2018.jpg
Louis Gossett Jr.,LGJR_in_LA._2017_(33609346485)_(cropped).jpg
Elliott Gould,Elliott_Gould_-_1986.jpg
Gloria Grahame,Gloria_Grahame_(1947_portrait).jpg
Cary Grant,"Grant,_Cary_(Suspicion)_01_Crisco_edit.jpg"
Lee Grant,Lee_Grant_1967.jpg
Richard E. Grant,Richard_E._Grant_2018.jpg
Bonita Granville,Studio_publicity_Bonita_Granville.jpg
Graham Greene,"Graham_Greene_angol_%C3%ADr%C3%B3,_1975_Fortepan_84697.jpg"
Sydney Greenstreet,Wolfe-Greenstreet-1950.jpg
Joel Grey,Joel_Grey_2014.jpg
Corinne Griffith,Corinne-griffith.jpg
Hugh Griffith,Hugh_griffith_publicity_photo.jpg
Melanie Griffith,Melanie_Griffith_2016_crop.jpg
Rachel Griffiths,Rachel_Griffiths_2012_(cropped).jpg
Alec Guinness,Sir_Alec_Guinness_Allan_Warren_(2).jpg
Edmund Gwenn,Edmund_Gwenn_1953.jpg
Jake Gyllenhaal,Jake_Gyllenhaal_2019_by_Glenn_Francis.jpg
Maggie Gyllenhaal,Maggie_Gyllenhaal_2021.jpg
Joan Hackett,Joan_Hackett_1969.JPG
Gene Hackman,Gene_Hackman_-_1972.jpg
Jean Hagen,Jean_Hagen_1955.jpg
Jackie Earle Haley,Jackie_Earle_Haley_at_WonderCon_2010_4.JPG
Tom Hanks,Tom_Hanks_TIFF_2019.jpg
Marcia Gay Harden,Marcia_Gay_Harden_2013_(cropped).jpg
Ann Harding,Ann_Harding_1930.jpg
Tom Hardy,Tom_Hardy_by_Gage_Skidmore.jpg
Woody Harrelson,Woody_Harrelson_October_2016.jpg
Ed Harris,Ed_Harris_by_Gage_Skidmore.jpg
Julie Harris,Julie_Harris_1973.JPG
Naomie Harris,Naomie_Harris_2014.jpg
Richard Harris,Richard_Harris_2001.jpg
Rosemary Harris,Rosemary_Harris_Spiderman_2007_Shankbone.jpg
Rex Harrison,Rex_Harrison_Allan_Warren.jpg
Elizabeth Hartman,Elizabeth_Hartman_(1966_photo).jpg
Laurence Harvey,Laurence_Harvey_Allan_Warren.jpg
Anne Hathaway,Anne_Hathaway_at_MIFF_(cropped).jpg
Ethan Hawke,Ethan_Hawke_2018.jpg
Sally Hawkins,Sally_Hawkins_Berlinale_2017.jpg
Goldie Hawn,Goldie_Hawn_at_TED_2008_cropped.jpg
Nigel Hawthorne,Nigel_Hawthorne_photo.jpg
Sessue Hayakawa,Sessue_Hayakawa_1918_(Fred_Hartsook).jpg
Salma Hayek,Salma_Hayek-9894.jpg
Helen Hayes,Promotional_photograph_of_Helen_Hayes.jpg
Susan Hayward,Susan_Hayward_1953.jpg
Eileen Heckart,EHeckhart_(crop_and_brighter).jpg
Lucas Hedges,Lucas_Hedges_2017.png
Van Heflin,"Heflin,_Van.jpg"
Mariel Hemingway,"Mariel_Hemingway_headshot,_free_use.jpg"
Katharine Hepburn,Katharine_Hepburn_promo_pic.jpg
Barbara Hershey,Barbara_Hershey_by_Gage_Skidmore.jpg
Charlton Heston,Charlton_Heston.jpg
Jonah Hill,Jonah_Hill-4939_(cropped)_(cropped).jpg
Wendy Hiller,Wendy_Hiller_in_Sailor_of_the_King.jpg
Judd Hirsch,Judd_Hirsch_-_1967.jpg
Dustin Hoffman,Dustin_Hoffman_Quartet_avp_2013_2.jpg
Philip Seymour Hoffman,Philip_Seymour_Hoffman_2011.jpg
Hal Holbrook,Hal_Holbrook_Our_Town_1977_(cropped).jpg
William Holden,WILLIAMHolden.jpg
Judy Holliday,JUDYHolliday.jpg
Celeste Holm,Studio_publicity_Celeste_Holm.jpg
Ian Holm,Ian_Holm.jpg
Anthony Hopkins,AnthonyHopkins10TIFF.jpg
Miriam Hopkins,MiriamHopkins.jpg
Dennis Hopper,Dennis_Hopper_Cannes_2008_(cropped).jpg
Bob Hoskins,Bob_hoskins_filming_ruby_blue_cropped_(cropped).jpg
Djimon Hounsou,Djimon_Hounsou_by_Gage_Skidmore_2.jpg
John Houseman,John_Houseman_-_1980.jpg
Leslie Howard,Leslie_Howard_GWTW.jpg
Terrence Howard,Terrence_Howard_-_Monte-Carlo.jpg
Trevor Howard,Trevor_Howard_Allan_Warren.jpg
Jennifer Hudson,Jennifer-hudson-gesf-2018-8400.jpg
Kate Hudson,Kate_Hudson_(8033413872)_(cropped).jpg
Rock Hudson,"Rock_Hudson_by_Ray_Jones,_c._1955_(cropped).jpg"
Felicity Huffman,FelicityHuffmanHWoFMar2012.jpg
Tom Hulce,TomHulce_(cropped).jpg
Josephine Hull,Josephine_Hull_face.png
Arthur Hunnicutt,Arthur_Hunnicutt_in_Stars_in_My_Crown_trailer.jpg
Helen Hunt,HelenHunt@ambiente2015.JPG
Linda Hunt,Linda_Hunt.jpg
Holly Hunter,Holly_Hunter_by_Gage_Skidmore.jpg
Kim Hunter,Kim_Hunter._cph.3b23243.jpg
Isabelle Huppert,Isabelle_Huppert_Cannes_2018.jpg
John Hurt,John_Hurt_at_the_London_premiere_of_Tinker_Tailor_Soldier_Sp.png
William Hurt,History_of_Violence_002_(7271227040).jpg
Ruth Hussey,RUTHussey.jpg
Anjelica Huston,Anjelica_Huston_(46954445875)_(cropped).jpg
John Huston,John_Huston_-_publicity.JPG
Walter Huston,Walter_Huston_-_1950.jpg
Timothy Hutton,TimothyHutton08TIFF.jpg
Martha Hyer,Martha_Hyer_Sabrina.jpg
John Ireland,JohnIreland.jpg
Jeremy Irons,Jeremy_Irons.jpg
Amy Irving,Amy_Irving_(1989).jpg
Burl Ives,Burl_Ives_(Cat_on_a_Hot_Tin_Roof)_1958.jpg
Hugh Jackman,Logan_Japan_Premiere_Red_Carpet-_Hugh_Jackman_(38445328406)_(rotated).jpg
Glenda Jackson,Glenda_Jackson.JPG
Samuel L. Jackson,Samuel_L._Jackson_2019_by_Glenn_Francis.jpg
Richard Jaeckel,Richard-jaeckel-trailer.jpg
Sam Jaffe,Sam_Jaffe_David_Zorba_Ben_Casey.jpg
Dean Jagger,Dean_Jagger_The_Twilight_Zone_1961.JPG
Allison Janney,Allison_Janney_Oct_2014_(cropped).jpg
Emil Jannings,Emil_Jannings_-_no_watermark.jpg
Marianne Jean-Baptiste,Marianne_Jean_Baptiste_by_RealTVfilms.jpg
Richard Jenkins,Fantastic_Fest_Red_Carpet_Bone_Tomahawk-2073_(28896050790)_(cropped).jpg
Scarlett Johansson,"Scarlett_Johansson_by_Gage_Skidmore_2_(cropped,_2).jpg"
Glynis Johns,Glynis_Johns_-_still.jpg
Celia Johnson,Celia_Johnson.jpg
Angelina Jolie,Angelina_Jolie_2_June_2014_(cropped).jpg
Carolyn Jones,Carolyn_Jones_1956.jpg
Felicity Jones,Felicity_Jones_December_2016.jpg
James Earl Jones,James_Earl_Jones_(8516667383).jpg
Jennifer Jones,JENNIFERjones.jpg
Shirley Jones,Shirley_Jones_-_agency_photo_1970s.jpg
Tommy Lee Jones,Tommy_Lee_Jones_2017.jpg
Katy Jurado,KatyJurado.jpg
Madeline Kahn,Madeline_Kahn_publicity.jpg
Daniel Kaluuya,Daniel_Kaluuya_(2017).jpg
Ida Kamińska,Ida_Kaminska.jpg
Carol Kane,Carol_Kane_(2018)_(cropped).jpg
Diane Keaton,Diane_Keaton_2012-1_(cropped).jpg
Lila Kedrova,Lila_Kedrova_(1965).jpg
Catherine Keener,Catherine_Keener_2014_(cropped).jpg
Harvey Keitel,Harvey_Keitel_Cannes_2015.jpg
Cecil Kellaway,Cecil_Kellaway_in_The_Postman_Always_Rings_Twice_trailer.jpg
Sally Kellerman,Sally_Kellerman_-_Mash.jpg
Gene Kelly,Gene_kelly.jpg
Grace Kelly,Grace_Kelly_MGM_photo.jpg
Nancy Kelly,Nancy_Kelly_1955.JPG
Anna Kendrick,Anna_Kendrick_Cannes_2016_2.jpg
Arthur Kennedy,Brandon_deWilde_Arthur_Kennedy_Stage_67_1966.JPG
George Kennedy,George_Kennedy_1975.JPG
Deborah Kerr,Deborah_Kerr_in_colour_Allan_Warren.jpg
Nicole Kidman,Nicole_Kidman_Cannes_2017.jpg
Rinko Kikuchi,Rinko_Kikuchi_Berlinale_2015.jpg
Regina King,Regina_King_by_Gage_Skidmore.jpg
Ben Kingsley,Ben_Kingsley_by_Gage_Skidmore.jpg
Greg Kinnear,GregKinnearTIFFSept2012_(cropped).jpg
Vanessa Kirby,Vanessa_Kirby_2018.jpg
Sally Kirkland,Sally_Kirkland_2014_by_Photo_Brian_To.jpg
Kevin Kline,KevinKlineSept10TIFF.jpg
Shirley Knight,Shirley_Knight_1960s.JPG
Keira Knightley,KeiraKnightleyByAndreaRaffin2011_(cropped).jpg
Alexander Knox,Alexander_Knox.jpg
Susan Kohner,Imitation_of_Life-Susan_Kohner2.JPG
Jack Kruschen,Jack_Kruschen_1977.JPG
Diane Ladd,Diane_Ladd_en_%27Embryo%27.png
Christine Lahti,"Christine_Lahti_MFF_2016,_cropped.png"
Burt Lancaster,Burt_Lancaster_-_publicity_1947.JPG
Elsa Lanchester,ELSA-L.jpg
Martin Landau,Martin_Landau-Mission-1968.jpg
Diane Lane,Diane_Lane_(Berlin_Film_Festival_2011)_2.jpg
Hope Lange,Hope_Lange_1957.jpg
Jessica Lange,Jessica_Lange_(Cropped).JPG
Frank Langella,Frank_Langella_Deauville_2012.jpg
Angela Lansbury,Angela_Lansbury_(8356239174).jpg
Brie Larson,Captain_Marvel_trailer_at_the_National_Air_and_Space_Museum_4_(cropped).jpg
Queen Latifah,Queen_Latifah_2018.jpg
Charles Laughton,Charles_Laughton-publicity2.JPG
Piper Laurie,Piper_Laurie_1951-still.jpg
Jude Law,Jude_Law_-_Headshot.jpg
Jennifer Lawrence,Jennifer_Lawrence_in_2016.jpg
Eva Le Gallienne,"Eva_Le_Gallienne_(mnwp.275003,_cropped_restoration).jpg"
Cloris Leachman,Cloris_Leachman_1970.JPG
Heath Ledger,Heath_Ledger_(2).jpg
Peggy Lee,Peggy_Lee_1950.JPG
Andrea Leeds,Andrea_Leeds_ca._1930s.png
Janet Leigh,Janet_Leigh_1954_portrait.png
Jennifer Jason Leigh,Jennifer_Jason_Leigh_by_Gage_Skidmore.jpg
Vivien Leigh,Vivien_Leigh_Scarlet.jpg
Margaret Leighton,Margaret_Leighton_1959.JPG
Jack Lemmon,Jack_Lemmon_-_1968.jpg
Lotte Lenya,Lotte_Lenya.jpg
Melissa Leo,Melissa_Leo_at_the_2009_Tribeca_Film_Festival.jpg
Jared Leto,"Jared_Leto,_San_Diego_Comic_Con_2016_(2).jpg"
Juliette Lewis,Juliette_Lewis_by_David_Shankbone_(cropped).jpg
Laura Linney,Laura_Linney_Berlinale_2017.jpg
John Lithgow,John_Lithgow_at_Met_Opera_Opening_in_2008.jpg
Sondra Locke,Sondra_Locke_1968_press_photo.jpg
Gene Lockhart,Gene_Lockhart_in_Bridal_Suite_trailer.jpg
Robert Loggia,Robert_Loggia.jpg
Carole Lombard,Carole_Lombard_1940.jpg
Sophia Loren,Sophia_Loren_-_1959.jpg
Joan Lorring,Joan_Lorring_1946.JPG
Bessie Love,Bessie_Love_The_Blue_Book_of_the_Screen.jpg
Paul Lukas,Paul_Lukas_-_1950.jpg
Alfred Lunt,Portrait_of_Alfred_Lunt_LCCN2004663248.jpg
Ali MacGraw,Ali_MacGraw_-_1972.jpg
Shirley MacLaine,Shirley_MacLaine_-_1960.jpg
Aline MacMahon,Studio_publicity_Aline_MacMahon.jpg
William H. Macy,WilliamHMacyTIFFSept2012.jpg
Amy Madigan,Amy_Madigan_1989.jpg
Virginia Madsen,Virginia_Madsen_Oscars_2009.jpg
Anna Magnani,Magnani_Campo_de%27_fiori_2.png
Marjorie Main,Marjorie_Main.jpg
Karl Malden,Karl_Malden_-_autographed.jpg
Rami Malek,Rami_Malek_in_2015_(2)_(cropped).jpg
John Malkovich,John_Malkovich_at_a_screening_of_%22Casanova_Variations%22_in_January_2015.jpg
Dorothy Malone,DOrothyMalone.jpg
Joe Mantell,Joe_Mantell_Port_of_New_York_02.jpg
Lesley Manville,Leslie_Manville_(cropped).jpg
Rooney Mara,"Rooney_Mara_at_The_Discovery_premiere_during_day_2_of_the_2017_Sundance_Film_Festival_at_Eccles_Center_Theatre_on_January_20,_2017_in_Park_City,_Utah_(32088061480)_(cropped).jpg"
Fredric March,Fredric_March_face.jpg
John Marley,"John_Marley_(1968,_Faces).jpg"
Lee Marvin,Lee_marvin_1971.JPG
James Mason,James_Mason_Studio_Publicity.jpg
Marsha Mason,Marsha_Mason_(25323356757).jpg
Raymond Massey,Raymond_Massey_1961_(cropped).JPG
Marcello Mastroianni,Marcello_Mastroianni_02.jpg
Marlee Matlin,MarleeMatlinMay09crop.JPG
Walter Matthau,Walter_Matthau_-_1952.jpg
Rachel McAdams,Rachel_McAdams_2016.jpg
Mercedes McCambridge,Mercedes_McCambridge_-_1950.jpg
Melissa McCarthy,Melissa_McCarthy_in_2018_(cropped).jpg
Matthew McConaughey,Matthew_McConaughey_2019_(48648344772).jpg
Patty McCormack,1962_Peter_Fonda_Patty_McCormack_New_Breed_(cropped).jpg
Hattie McDaniel,Studio_publicity_Hattie_McDaniel.jpg
Mary McDonnell,Mary_McDonnell_Photo_Op_GalaxyCon_Raleigh_2019.jpg
Frances McDormand,Frances_McDormand_2015_(cropped).jpg
Elizabeth McGovern,Elizabeth_McGovern_2012.jpg
Dorothy McGuire,Studio_publicity_Dorothy_McGuire.jpg
Ian McKellen,SDCC13_-_Ian_McKellen.jpg
Victor McLaglen,Victor_McLaglen_in_The_Informer.jpg
Maggie McNamara,Studio_publicity_Maggie_McNamara.jpg
Steve McQueen,Steve-McQueen-1968_(cropped).jpg
Janet McTeer,Janet_McTeer_Berlin_2015.jpg
Kay Medford,Kay_Medford_1963.JPG
Adolphe Menjou,Adolphe_Menjou_1938.jpg
Vivien Merchant,Vivien_Merchant.png
Melina Mercouri,Melina_Mercouri.JPG
Burgess Meredith,Burgess_Meredith_1954.JPG
Una Merkel,Una_Merkel_-_still.JPG
Laurie Metcalf,LaurieMetcalfFeb08_cropped.jpg
Bette Midler,Bette_Midler_(18939287670)_(cropped).jpg
Sarah Miles,Sarah_Miles_in_1980_(cropped).jpg
Sylvia Miles,Sylvia_Miles_in_2007.jpg
Ray Milland,Ray_Milland_Markham_1959.JPG
John Mills,John_Mills_by_Gabi_Rona.jpg
Sal Mineo,Sal_mineo_Allan_Warren.jpg
Liza Minnelli,Liza_Minnelli_Publicity_1973.jpg
Helen Mirren,Helen_Mirren-2208_(cropped).jpg
Robert Mitchum,Robert_Mitchum_1949_(no_signature).jpg
Mo'Nique,Mo%27Nique_attending_the_82nd_Academy_Awards_2010.jpg
Fernanda Montenegro,Fernanda_Montenegro_em_2015_cropped.jpg
Ron Moody,Ron_Moody.jpg
Dudley Moore,Dudley_Moore_(cropped).jpg
Juanita Moore,Studio_publicity_Moore_Juanita.jpg
Julianne Moore,Julianne_Moore_(15011443428)_(2).jpg
Mary Tyler Moore,Mary_Tyler_Moore_2000_(1).jpg
Agnes Moorehead,Studio_publicity_Agnes_Moorehead.jpg
Rita Moreno,Rita_Moreno_2014.jpg
Frank Morgan,Frank_Morgan-publicity.JPG
Cathy Moriarty,"Cathy_Moriarty,_Jake_and_Vikki_LaMotta.jpg"
Pat Morita,Pat_Morita_1971_publicity_photo.jpg
Robert Morley,Robert_Morley_3_Allan_Warren.jpg
Chester Morris,Chester_Morris_pg234.jpg
Viggo Mortensen,Viggo_Mortensen_B_(2020).jpg
Samantha Morton,Samantha_Morton_Edinburgh_International_Film_Festival.png
Armin Mueller-Stahl,Armin_mueller-stahl.jpg
Carey Mulligan,Carey_Mulligan_-_2018_(45646489364)_(cropped).jpg
Paul Muni,Paul_Muni_-_Zola_-_1936.jpg
Eddie Murphy,Eddie_Murphy_by_David_Shankbone.jpg
Bill Murray,Bill_Murray-8882.jpg
J. Carrol Naish,J._Carrol_Naish_Life_With_Luigi_1950.JPG
Mildred Natwick,Mildred_Natwick_1947.JPG
Patricia Neal,Patricia_Neal_-_1952.jpg
Liam Neeson,Liam_Neeson_Deauville_2012.jpg
Ruth Negga,Ruth_Negga_(cropped2).jpg
Paul Newman,Paul_Newman_1954.JPG
Haing S. Ngor,Haing_S._Ngor.jpg
Jack Nicholson,Jack_Nicholson_2001.jpg
David Niven,David_Niven_4_Allan_Warren.jpg
Nick Nolte,Nick_Nolte_2008_(2544500287).jpg
Edward Norton,Ed_Norton_Shankbone_Metropolitan_Opera_2009.jpg
Lupita Nyong'o,SXSW_2019_4_(47282558132)_(cropped).jpg
Edmond O'Brien,EdmondOBrien.jpg
Arthur O'Connell,Arthur_O%27Connell_in_Bus_Stop_trailer_cropped.jpg
Dan O'Herlihy,Dan_O%27Herlihy_1955.JPG
Ryan O'Neal,Ryan_Oneal_-_1968.jpg
Tatum O'Neal,Tatum_O%27Neal_in_2019.jpg
Barbara O'Neil,Barbara_O%27Neil_in_Angel_Face_trailer.jpg
Peter O'Toole,Peter_O%27Toole_--_LOA_trailer.jpg
Jack Oakie,Jack_Oakie_1941.JPG
Merle Oberon,Merle_Oberon-publicity.JPG
Leslie Odom Jr.,Leslie_Odom_Jr._Philanthropy_Summit_2016_02.30_(cropped).jpg
Sophie Okonedo,SophieOkonedo08TIFF.jpg
Gary Oldman,Gary_Oldman_Cannes_2018.jpg
Lena Olin,Lena_Olin_in_2015.jpg
Edna May Oliver,Studio_publicity_Edna_May_Oliver.jpg
Edward James Olmos,Edward_James_Olmos_by_Gage_Skidmore.jpg
Nancy Olson,Nancy_Olson_Everett_Sloane_High_Tor_1956.jpg
Haley Joel Osment,Haley_Joel_Osment_TIFF_2014.jpg
Maria Ouspenskaya,Maria_Ouspenskaya_1937_(cropped).jpg
Clive Owen,Clive_Owen_(Children_of_men)_cropped.jpg
Al Pacino,Al_Pacino_2016_(30401544240).jpg
Elliot Page,Elliot_Page_2021.png
Geraldine Page,Geraldine_Page_1956_press_photo.jpg
Jack Palance,Jack_Palance_-_1954.jpg
Chazz Palminteri,Chazz_Palminteri_2011_Shankbone.JPG
Gwyneth Paltrow,GwynethPaltrowByAndreaRaffin2011.jpg
Anna Paquin,AnnaPaquinToronto2018.jpg
Eleanor Parker,ELEANORParker.jpg
Larry Parks,Larry_Parks_1950.jpg
Estelle Parsons,Estelle_Parsons_Love_American_Style_1973.JPG
Dev Patel,Dev_Patel_(29870651654).jpg
Marisa Pavan,Marisa_Pavan_Jean-Pierre_Aumont_1965.jpg
Katina Paxinou,Katinapaxinos.jpg
Gregory Peck,Peck_The_Valley_of_Decision.jpg
Sean Penn,Seanpenn1.jpg
Rosie Perez,Rosie_Perez_2012.jpg
Anthony Perkins,Anthony_Perkins_Psycho_Publicity_Photo_(cropped).jpg
Valerie Perrine,Valerie_Perrine_(1975).jpg
Joe Pesci,JoePesci-2009.jpg
Susan Peters,Susan_Peters_in_Keep_Your_Powder_Dry.jpg
Michelle Pfeiffer,Michelle_Pfeiffer_Ant-Man_%26_The_Wasp_premiere.jpg
Joaquin Phoenix,Joaquin_Phoenix_in_2018.jpg
River Phoenix,River_Phoenix.png
Mary Pickford,Mary_Pickford_cph.3c17995u.jpg
Walter Pidgeon,Perry-Mason-Pidgeon-1963.jpg
Rosamund Pike,MJK_10907_Rosamund_Pike_(Berlinale_2018)_(cropped).jpg
Brad Pitt,Brad_Pitt_2019_by_Glenn_Francis.jpg
Joan Plowright,Joan_Plowright_1960_(cropped).jpg
Christopher Plummer,Christopher_Plummer_1964.jpg
Sidney Poitier,Sidney_Poitier_1968.jpg
Natalie Portman,Natalie_Portman_(48470988352)_(cropped).jpg
Pete Postlethwaite,Pete_Postlethwaite.JPG
William Powell,William_Powell_by_Hurrell.jpg
Jonathan Pryce,Jonathan_Pryce_Cannes_2018.jpg
Florence Pugh,Florence_Pugh_in_2020_(1)_crop.jpg
Randy Quaid,Randy_Quaid_(cropped).jpg
Anthony Quayle,Anthony_Quayle-publicity.jpg
Kathleen Quinlan,Kathleen_Quinlan_1975.JPG
Anthony Quinn,Anthony_Quinn_publicity_photo_unknown_date_(cropped).jpg
Luise Rainer,Luise_Rainer_-_1941.jpg
Claude Rains,Claude_Rains_in_Now_Voyager_trailer.jpg
Marjorie Rambeau,Marjorie_Rambeau_1915.jpg
Charlotte Rampling,Charlotte_Rampling_2016.jpg
Anne Ramsey,Anne_Ramsey_at_1988_Academy_Awards.JPG
Basil Rathbone,Basil_Rathbone_in_Tovarich_trailer.jpg
Stephen Rea,Stephen_Rea.jpg
Robert Redford,Robert_Redford_(cropped).jpg
Lynn Redgrave,Lynn_Redgrave_1999.jpg
Michael Redgrave,Sir_Michael_Redgrave_portrait.jpg
Vanessa Redgrave,Vanessa_Redgrave_Cannes_2016.jpg
Joyce Redman,Joyce_Redman.jpg
Eddie Redmayne,Eddie_Redmayne_2016_(cropped).jpg
Donna Reed,DOnnaREed.jpg
John C. Reilly,John_C._Reilly_by_Gage_Skidmore.jpg
Lee Remick,"Lee_Ann_Remick,_London,_1974.jpg"
Jeremy Renner,Jeremy_Renner_by_Gage_Skidmore.jpg
Anne Revere,Studio_publicity_Anne_Revere.jpg
Burt Reynolds,Burt_Reynolds_1991_portrait_crop.jpg
Debbie Reynolds,Debbie_Reynolds_6_Allan_Warren.jpg
Beah Richards,Beah_Richards_Bill_Cosby_Show_1970_(cropped).JPG
Miranda Richardson,Stronger_PC_02_(37216444535).jpg
Thelma Ritter,Thelma_Ritter_-_All_About_Eve.jpg
Emmanuelle Riva,Emmanuelle_Riva_(1962).jpg
Jason Robards,Jason_Robards_1956_Obie_Awards_(cropped).jpg
Margot Robbie,Margot_Robbie_at_Somerset_House_in_2013_(cropped).jpg
Tim Robbins,TimRobbinsTIFFSept2012.jpg
Eric Roberts,Eric_Roberts_FSC_2015.jpg
Julia Roberts,Julia_Roberts_2011_Shankbone_3.JPG
Cliff Robertson,Cliffrobertson_(cropped).jpg
Flora Robson,Studio_publicity_Flora_Robson.jpg
May Robson,May_Robson_in_Broadway_to_Hollywood_trailer_(2).png
Sam Rockwell,Jojo_Rabbit_10_(48810047303).jpg
Ginger Rogers,Ginger_Rogers_-_Tender_Comrade.jpg
Howard Rollins,Howardrollinspiano.jpg
Saoirse Ronan,Saoirse_Ronan_at_BAFTA_2016_(1)_(cropped).jpg
Mickey Rooney,Mickey_Rooney_still.jpg
Diana Ross,Diana_Ross_1976.jpg
Katharine Ross,Katharine_Ross_1967_photo_with_cat.jpg
Tim Roth,Tim_Roth_by_Gage_Skidmore_2.jpg
Mickey Rourke,Mickey_Rourke_10_December_2010_(cropped).jpeg
Gena Rowlands,Gena_Rowlands_1968.jpg
Mercedes Ruehl,Mercedes-Ruehl-eh.jpg
Mark Ruffalo,Mark_Ruffalo_(36201774756)_(cropped).jpg
Geoffrey Rush,Geoffrey_Rush_Final_Portrait_Red_Carpet_Berlinale_2017_01_(cropped).jpg
Harold Russell,Harold_Russell_still.jpg
Rosalind Russell,RozRussell.jpg
Margaret Rutherford,Margaret_Rutherford.gif
Amy Ryan,Amy_Ryan_Gersh_NY_Official_1.31.13.jpg
Robert Ryan,Robert_Ryan_in_Naked_Spur.jpg
Mark Rylance,Mark_Rylance_Cannes_2016.jpg
Eva Marie Saint,Eva_Marie_Saint_1990.jpg
George Sanders,George_Sanders_Allan_Warren.jpg
Catalina Sandino Moreno,Catalina_Moreno.jpg
Chris Sarandon,Chris_Sarandon_by_Gage_Skidmore.jpg
Susan Sarandon,"Susan_Sarandon,_Festival_de_Sitges_2017_(cropped).jpg"
Telly Savalas,Telly_Savalas_Kojak_1973.JPG
Roy Scheider,Roy_Scheider_2007.jpg
Maximilian Schell,Maximilian_Schell_-_1970-1.jpg
Joseph Schildkraut,Joseph_Schildkraut_1953.jpg
Paul Scofield,Paul_Scofield_Allan_Warren.jpg
George C. Scott,George_C._Scott_-_publicity.JPG
Martha Scott,Martha_Scott_1942.JPG
Kristin Scott Thomas,Kristin_Scott_Thomas_Cabourg_2013.jpg
George Segal,George_Segal_-_1965.jpg
Peter Sellers,"Peter_Sellers_at_home_in_Belgravia,_London,_1973.jpg"
Chloë Sevigny,Chlo%C3%AB_Sevigny_Cannes_2019_(crop).jpg
Amanda Seyfried,Amanda_Seyfried_2019_by_Glenn_Francis.jpg
Michael Shannon,MichaelShannon_(cropped).jpg
Omar Sharif,Omar_Sharif_1963.JPG
Norma Shearer,Shearer-n_riptide_1934.jpg
Sam Shepard,Sam_Shepard_Stealth_cropped.JPG
Talia Shire,Talia_Shire_1976_edit.JPG
Anne Shirley,Anne_of_Avonlea--frontispiece.jpg
Elisabeth Shue,Elisabeth_Shue_at_the_2009_Tribeca_Film_Festival_2.jpg
Gabourey Sidibe,Precious_Gabourey_Sidibe_(48711376562).jpg
Sylvia Sidney,Sylvia_Sidney_-_still.jpg
Simone Signoret,Simone_signoret_photo.jpg
J. K. Simmons,JK_Simmons_2009.jpg
Jean Simmons,Studio_publicity_Jean_Simmons.jpg
Frank Sinatra,Frank_Sinatra_(1957_studio_portrait_close-up).jpg
Gary Sinise,Gary_Sinise_2011_(cropped).jpg
Lilia Skala,Lilia_Skala.jpg
Maggie Smith,Dame_Maggie_Smith-cropped.jpg
Will Smith,TechCrunch_Disrupt_2019_(48834434641)_(cropped).jpg
Carrie Snodgress,CarrieSnodgress.jpg
Gale Sondergaard,Studio_publicity_Gale_Sondergaard.jpg
Mira Sorvino,MiraSorvino07TIFF.jpg
Ann Sothern,Ann_Sothern_1960.JPG
Sissy Spacek,Sissy_Spacek_by_David_Shankbone_(cropped).jpg
Kevin Spacey,"Kevin_Spacey,_May_2013.jpg"
Octavia Spencer,%22Hidden_Figures%22_Screening_at_the_White_House_(NHQ201612150008)_(cropped).jpg
June Squibb,June_Squibb_at_Art_Directors_Guild_18th_Award_Show.jpg
Robert Stack,Robert_Stack_-_still.jpg
Sylvester Stallone,Sylvester_Stallone_Cannes_2019.jpg
Terence Stamp,Terence_Stamp.2794.jpg
Lakeith Stanfield,Keith_Stanfield_by_Gage_Skidmore.jpg
Kim Stanley,Kim_Stanley.jpg
Barbara Stanwyck,BarbaraS39.jpg
Imelda Staunton,"Imelda_Staunton,_October_2019.jpg"
Mary Steenburgen,MarySteenburgenDec09.jpg
Hailee Steinfeld,Hailee_Steinfeld_by_Gage_Skidmore.jpg
James Stephenson,James_Stephenson_in_The_Letter_trailer.jpg
Jan Sterling,Jan_Sterling_MS152.jpg
James Stewart,"Annex_-_Stewart,_James_(Call_Northside_777)_01.jpg"
Dean Stockwell,Dean_Stockwell_(1965).jpg
Emma Stone,Emma_Stone_at_Maniac_UK_premiere_(cropped).jpg
Lewis Stone,Lewis_Stone_Photoplay_Feb_1923.jpg
Sharon Stone,Sharon_Stone_(33374127422)_(cropped).jpg
Beatrice Straight,Beatrice_Straight.jpg
Lee Strasberg,Lee_Strasberg-1976.jpg
David Strathairn,David_Strathairn_(5974348391).jpg
Meryl Streep,Meryl_Streep_December_2018.jpg
Barbra Streisand,Barbra_Streisand_with_Francis_Collins_and_Anthony_Fauci_(27806589237)_(cropped).jpg
Erich von Stroheim,Stroheim_Harcourt_1946.jpg
Gloria Stuart,Gloria_Stuart_by_Frank_Powolny.jpg
Margaret Sullavan,Studio_publicity_Margaret_Sullavan.jpg
Hilary Swank,Hilary_Swank_at_28th_Tokyo_International_Film_Festival.jpg
Gloria Swanson,Gloria_Swanson_1941.jpg
Tilda Swinton,Viennale_2018_Suspiria_15_Tilda_Swinton_(cropped).jpg
Russ Tamblyn,Russ_Tamblyn_1955_photo.png
Akim Tamiroff,Akim_Tamiroff_1964.jpg
Jessica Tandy,Jessica_Tandy_Publicity_Photo.jpg
Elizabeth Taylor,"Elizabeth_Taylor,_late_1950s.jpg"
Charlize Theron,Charlize-theron-IMG_6045.jpg
Emma Thompson,Emma_Thompson_at_2013_TIFF_1_(cropped).jpg
Billy Bob Thornton,Billy_Bob_Thornton_2017_(cropped).jpg
Uma Thurman,Uma_Thurman_Cannes_2017_(cropped).jpg
Lawrence Tibbett,Lawrence_Tibbett_1943.jpg
Gene Tierney,Studio_publicity_Gene_Tierney.jpg
Jennifer Tilly,"Jennifer_Tilly_@_New_York_Comic_Con_2021,_by_Chris_Roth_(3)_-_cropped.jpg"
Meg Tilly,"Meg_Tilly,_2013_(cropped).jpg"
Richard Todd,Richard_Todd_-_1959.jpg
Marisa Tomei,Marisa_Tomei_(82155)_(cropped).jpg
Lily Tomlin,Lily_Tomlin_in_2014.jpg
Franchot Tone,Franchot_Tone_in_Mutiny_on_the_Bounty_trailer.jpg
Rip Torn,Rip_Torn_%2794_crop.jpg
Lee Tracy,The-Front-Page-1928-4.jpg
Spencer Tracy,Spencer_tracy_state_of_the_union.jpg
Henry Travers,HenryTraversTheBellsofSaintMarysTrailerScreenshot1945.jpg
John Travolta,John_Travolta_Cannes_2018_(cropped).jpg
Claire Trevor,Claire_Trevor-still.jpg
Massimo Troisi,Troisi.jpg
Stanley Tucci,Stanley_Tucci_2017_Berlinale.jpg
Tom Tully,Tom_Tully_-_Lady_in_the_Lake_(1947).jpg
Kathleen Turner,Kathleen_Turner_(8689689518)_cropped.jpg
Lana Turner,Lana_Turner_still.JPG
Susan Tyrrell,Susan_Tyrrell_1970.jpg
Cicely Tyson,Cicely_Tyson.jpg
Liv Ullmann,Liv_Ullmann_2014.jpg
Miyoshi Umeki,Miyoshi_Umeki.jpg
Mary Ure,MaryUre.jpg
Peter Ustinov,Sir_Peter_Ustinov_Allan_Warren.jpg
Brenda Vaccaro,Brenda_Vaccaro.JPG
Jo Van Fleet,Jo_Van_Fleet_in_East_of_Eden_trailer_2.jpg
Robert Vaughn,Robert_Vaughn_David_McCallum_Man_from_UNCLE_1966-2.jpg
Alicia Vikander,Alicia_Vikander_-_Tokyo_International_Film_Festival_2019_(49013506278)_(cropped).jpg
Max von Sydow,Max_von_Sydow_Cannes_2016.jpg
Mark Wahlberg,Mark_Wahlberg_2017.jpg
Christopher Walken,Christopher_Walken_2018.jpg
Quvenzhané Wallis,Quvenzhan%C3%A9_Wallis_2013.jpg
Julie Walters,Julie_Walters_2014_(cropped).jpg
Christoph Waltz,Christoph_Waltz_Viennale_2017_f_(cropped).jpg
Jack Warden,Jack_Warden.jpg
H. B. Warner,H_B_Warner_-_Jun_1919_FF.jpg
Lesley Ann Warren,Lesleywarren2009.jpg
Denzel Washington,Denzel_Washington_2018.jpg
Ken Watanabe,Ken_Watanabe_2007_(cropped).jpg
Ethel Waters,Ethel_Waters_-_1943.jpg
Sam Waterston,Sam_Waterston_at_PaleyFest_2013.jpg
Emily Watson,Emily_Watson_(25831419375)_cropped.jpg
Lucile Watson,Lucile_Watson_1953.JPG
Naomi Watts,Naomi_Watts_(36037832511)_(cropped).jpg
John Wayne,John_Wayne_-_still_portrait.jpg
Jacki Weaver,Jacki_Weaver_-_Flickr_-_Eva_Rinaldi_Celebrity_and_Live_Music_Photographer_(1).jpg
Sigourney Weaver,Sigourney_Weaver_by_Gage_Skidmore_4.jpg
Clifton Webb,Cliftonwebb.jpg
Rachel Weisz,Rachel_Weisz_(48471890602)_(cropped).jpg
Tuesday Weld,Tuesday_Weld_circa_1960.JPG
Orson Welles,Orson_Welles_1937.jpg
Oskar Werner,USIS_-_Oskar_Werner_1.jpg
Forest Whitaker,Forest_Whitaker_by_Gage_Skidmore.jpg
Stuart Whitman,Stuart_Whitman_in_The_Longest_Day_(publicity_still).jpg
James Whitmore,James_Whitmore.jpg
May Whitty,Dame_May_Whitty.jpg
Richard Widmark,Richard_Widmark_-_1973.jpg
Dianne Wiest,Dianne_Wiest_2009_(cropped).jpg
Jack Wild,"Serie._Jack_Wild_(Dodger_in_film_Oliver)_tijdens_persconferentie_in_bioscoop_D,_Bestanddeelnr_921-8847_(cropped).jpg"
Cornel Wilde,Cornel_Wilde_in_1946.jpg
Gene Wilder,Gene_Wilder_1970.JPG
Tom Wilkinson,Tom_Wilkinson_TIFF_2016.jpg
Cara Williams,Cara_Williams.JPG
Robin Williams,Robin_Williams_Happy_Feet_premiere.jpg
Chill Wills,Chill_Wills_-_1941.jpg
Paul Winfield,Paul_Winfield_Mark_Slade_High_Chaparral_1969_(cropped).JPG
Oprah Winfrey,Oprah_in_2014.jpg
Debra Winger,Debrawinger1984.jpg
Mare Winningham,Mare_Winningham_2012.jpg
Kate Winslet,Kate_Winslet_at_the_2017_Toronto_International_Film_Festival_(cropped).jpg
Shelley Winters,Studio_publicity_Shelley_Winters.jpg
Reese Witherspoon,Reese_Witherspoon_at_TIFF_2014.jpg
Natalie Wood,Natalie_Wood_Allan_Warren.jpg
Peggy Wood,Portrait_of_Peggy_Wood.jpg
Alfre Woodard,Alfre_Woodard_VES3125_1.jpg
James Woods,James_Woods_2015.jpg
Joanne Woodward,Joanne_Woodward_1971.jpg
Monty Woolley,Monty_Wooley_1949.JPG
Teresa Wright,Teresa_Wright1953.jpg
Margaret Wycherly,Margaret_Wycherly_-_Jun_1923_Shadowland.jpg
Jane Wyman,JAneWyman.jpg
Ed Wynn,Ed_Wynn_All_Star_Revue.JPG
Diana Wynyard,Diana_Wynyard_Argentinean_Magazine_AD.jpg
Steven Yeun,Steven_Yeun_2016.jpg
Susannah York,Susannah_York.JPG
Burt Young,Burt-Young.jpg
Gig Young,Gig_Young_-_1953.jpg
Loretta Young,LORETTAYoung.jpg
Roland Young,Roland_Young_in_Topper_Takes_a_Trip_trailer.jpg
Youn Yuh-jung,Youn_Yuh-jung_in_December_2016.jpg
Renée Zellweger,Ren%C3%A9e_Zellweger_Berlinale_2010_(cropped).jpg
Catherine Zeta-Jones,Catherine_Zeta-Jones_VF_2012_Shankbone.jpg
